{
  "version": "1.0.0",
  "rss": "<LINK TO RSS FEED>",
  "discord": {
    "clientId": "<FILL IN OR REMOVE DISCORD OBJECT>",
    "smallImageText": "<FILL IN OR REMOVE DISCORD OBJECT>",
    "smallImageKey": "<FILL IN OR REMOVE DISCORD OBJECT>"
  },
  "servers": [
    {
      "id": "nexus-1.16.4",
      "name": "nexus (Minecraft 1.16.4)",
      "description": "nexus Running Minecraft 1.16.4 (Forge v35.1.32)",
      "icon": null,
      "version": "1.0.0",
      "address": "localhost:25565",
      "minecraftVersion": "1.16.4",
      "discord": {
        "shortId": "<FILL IN OR REMOVE DISCORD OBJECT>",
        "largeImageText": "<FILL IN OR REMOVE DISCORD OBJECT>",
        "largeImageKey": "<FILL IN OR REMOVE DISCORD OBJECT>"
      },
      "mainServer": false,
      "autoconnect": false,
      "modules": [
        {
          "id": "net.minecraftforge:forge:1.16.4-35.1.32",
          "name": "Minecraft Forge (base jar)",
          "type": "ForgeHosted",
          "artifact": {
            "size": 209636,
            "MD5": "c8bdffbbd932ac0e55e29d371cb21308",
            "url": "http://localhost:8080/repo/lib/net/minecraftforge/forge/1.16.4-35.1.32/forge-1.16.4-35.1.32.jar"
          },
          "subModules": [
            {
              "id": "1.16.4-35.1.32",
              "name": "Minecraft Forge (version.json)",
              "type": "VersionManifest",
              "artifact": {
                "size": 11933,
                "MD5": "4b5f7252f24f468c7cfc8ea60910f198",
                "url": "http://localhost:8080/repo/versions/1.16.4-forge-35.1.32/1.16.4-forge-35.1.32.json"
              }
            },
            {
              "id": "net.minecraftforge:forge:1.16.4-35.1.32:universal",
              "name": "Minecraft Forge (universal jar)",
              "type": "Library",
              "artifact": {
                "size": 2325653,
                "MD5": "10a4ce9659a1c3c0f61a8998c2885b5a",
                "url": "http://localhost:8080/repo/lib/net/minecraftforge/forge/1.16.4-35.1.32/forge-1.16.4-35.1.32-universal.jar"
              },
              "subModules": []
            },
            {
              "id": "net.minecraftforge:forge:1.16.4-35.1.32:client",
              "name": "Minecraft Forge (client jar)",
              "type": "Library",
              "artifact": {
                "size": 4059072,
                "MD5": "cc12b554cef045e24940ab6b12c0ef90",
                "url": "http://localhost:8080/repo/lib/net/minecraftforge/forge/1.16.4-35.1.32/forge-1.16.4-35.1.32-client.jar"
              },
              "subModules": []
            },
            {
              "id": "net.minecraft:client:1.16.4-20201102.104115:srg",
              "name": "Minecraft Forge (client srg)",
              "type": "Library",
              "artifact": {
                "size": 11352363,
                "MD5": "66cc66f0419fd244350d3eb671071789",
                "url": "http://localhost:8080/repo/lib/net/minecraft/client/1.16.4-20201102.104115/client-1.16.4-20201102.104115-srg.jar"
              },
              "subModules": []
            },
            {
              "id": "net.minecraft:client:1.16.4-20201102.104115:slim",
              "name": "Minecraft Forge (client slim)",
              "type": "Library",
              "artifact": {
                "size": 9118628,
                "MD5": "402c17481afa2f07a76cc90341730feb",
                "url": "http://localhost:8080/repo/lib/net/minecraft/client/1.16.4-20201102.104115/client-1.16.4-20201102.104115-slim.jar"
              },
              "subModules": []
            },
            {
              "id": "net.minecraft:client:1.16.4-20201102.104115:extra",
              "name": "Minecraft Forge (client extra)",
              "type": "Library",
              "artifact": {
                "size": 8427976,
                "MD5": "61ad6e5220c9da62f098d6decd638001",
                "url": "http://localhost:8080/repo/lib/net/minecraft/client/1.16.4-20201102.104115/client-1.16.4-20201102.104115-extra.jar"
              },
              "subModules": []
            },
            {
              "id": "org.ow2.asm:asm:7.2",
              "name": "Minecraft Forge (asm)",
              "type": "Library",
              "artifact": {
                "size": 114873,
                "MD5": "26cf10dfd4729fd22fcae0694e041167",
                "url": "http://localhost:8080/repo/lib/org/ow2/asm/asm/7.2/asm-7.2.jar"
              }
            },
            {
              "id": "org.ow2.asm:asm-commons:7.2",
              "name": "Minecraft Forge (asm-commons)",
              "type": "Library",
              "artifact": {
                "size": 70051,
                "MD5": "321121317a6c6221cc26e8f9ee97022f",
                "url": "http://localhost:8080/repo/lib/org/ow2/asm/asm-commons/7.2/asm-commons-7.2.jar"
              }
            },
            {
              "id": "org.ow2.asm:asm-tree:7.2",
              "name": "Minecraft Forge (asm-tree)",
              "type": "Library",
              "artifact": {
                "size": 50283,
                "MD5": "c7214695c379f25861500e576a1f8cea",
                "url": "http://localhost:8080/repo/lib/org/ow2/asm/asm-tree/7.2/asm-tree-7.2.jar"
              }
            },
            {
              "id": "org.ow2.asm:asm-util:7.2",
              "name": "Minecraft Forge (asm-util)",
              "type": "Library",
              "artifact": {
                "size": 80707,
                "MD5": "0891d2562ab1db2a1d5fc013af9b40c5",
                "url": "http://localhost:8080/repo/lib/org/ow2/asm/asm-util/7.2/asm-util-7.2.jar"
              }
            },
            {
              "id": "org.ow2.asm:asm-analysis:7.2",
              "name": "Minecraft Forge (asm-analysis)",
              "type": "Library",
              "artifact": {
                "size": 33444,
                "MD5": "e0aa4ec0cfa837415818aac762ed5dc2",
                "url": "http://localhost:8080/repo/lib/org/ow2/asm/asm-analysis/7.2/asm-analysis-7.2.jar"
              }
            },
            {
              "id": "cpw.mods:modlauncher:8.0.6",
              "name": "Minecraft Forge (modlauncher)",
              "type": "Library",
              "artifact": {
                "size": 126111,
                "MD5": "69afb8c6a9b2e6e0f1df0ee4069fa119",
                "url": "http://localhost:8080/repo/lib/cpw/mods/modlauncher/8.0.6/modlauncher-8.0.6.jar"
              }
            },
            {
              "id": "cpw.mods:grossjava9hacks:1.3.0",
              "name": "Minecraft Forge (grossjava9hacks)",
              "type": "Library",
              "artifact": {
                "size": 1921,
                "MD5": "c5c05d52fcef5479e0ea069f30c6ceb5",
                "url": "http://localhost:8080/repo/lib/cpw/mods/grossjava9hacks/1.3.0/grossjava9hacks-1.3.0.jar"
              }
            },
            {
              "id": "net.minecraftforge:accesstransformers:2.2.0-shadowed",
              "name": "Minecraft Forge (accesstransformers)",
              "type": "Library",
              "artifact": {
                "size": 445030,
                "MD5": "6ee328e0eda1765b17fb842135d3194b",
                "url": "http://localhost:8080/repo/lib/net/minecraftforge/accesstransformers/2.2.0/accesstransformers-2.2.0-shadowed.jar"
              }
            },
            {
              "id": "net.minecraftforge:eventbus:3.0.5-service",
              "name": "Minecraft Forge (eventbus)",
              "type": "Library",
              "artifact": {
                "size": 40979,
                "MD5": "e6f00d34a82bd71ca95af9dd02194997",
                "url": "http://localhost:8080/repo/lib/net/minecraftforge/eventbus/3.0.5/eventbus-3.0.5-service.jar"
              }
            },
            {
              "id": "net.minecraftforge:forgespi:3.2.0",
              "name": "Minecraft Forge (forgespi)",
              "type": "Library",
              "artifact": {
                "size": 20172,
                "MD5": "8f1f6942d17d88d704324e8000666a1a",
                "url": "http://localhost:8080/repo/lib/net/minecraftforge/forgespi/3.2.0/forgespi-3.2.0.jar"
              }
            },
            {
              "id": "net.minecraftforge:coremods:3.0.0",
              "name": "Minecraft Forge (coremods)",
              "type": "Library",
              "artifact": {
                "size": 21803,
                "MD5": "9b0b4d1d8b5815d3f693ac82d4128f13",
                "url": "http://localhost:8080/repo/lib/net/minecraftforge/coremods/3.0.0/coremods-3.0.0.jar"
              }
            },
            {
              "id": "net.minecraftforge:unsafe:0.2.0",
              "name": "Minecraft Forge (unsafe)",
              "type": "Library",
              "artifact": {
                "size": 2834,
                "MD5": "2d1016ebe4c1a63dd50a59d26bd12db1",
                "url": "http://localhost:8080/repo/lib/net/minecraftforge/unsafe/0.2.0/unsafe-0.2.0.jar"
              }
            },
            {
              "id": "com.electronwill.night-config:core:3.6.2",
              "name": "Minecraft Forge (core)",
              "type": "Library",
              "artifact": {
                "size": 199091,
                "MD5": "243fc0b7f1e509aaca3550c14d8f60af",
                "url": "http://localhost:8080/repo/lib/com/electronwill/night-config/core/3.6.2/core-3.6.2.jar"
              }
            },
            {
              "id": "com.electronwill.night-config:toml:3.6.2",
              "name": "Minecraft Forge (toml)",
              "type": "Library",
              "artifact": {
                "size": 31152,
                "MD5": "7b2339065e252b1c187d39351d84a09f",
                "url": "http://localhost:8080/repo/lib/com/electronwill/night-config/toml/3.6.2/toml-3.6.2.jar"
              }
            },
            {
              "id": "org.jline:jline:3.12.1",
              "name": "Minecraft Forge (jline)",
              "type": "Library",
              "artifact": {
                "size": 732926,
                "MD5": "ffd8c9d6eb8a8456ef505c8ef9fc777d",
                "url": "http://localhost:8080/repo/lib/org/jline/jline/3.12.1/jline-3.12.1.jar"
              }
            },
            {
              "id": "org.apache.maven:maven-artifact:3.6.0",
              "name": "Minecraft Forge (maven-artifact)",
              "type": "Library",
              "artifact": {
                "size": 55051,
                "MD5": "89e95013b11f347e48c0525965600404",
                "url": "http://localhost:8080/repo/lib/org/apache/maven/maven-artifact/3.6.0/maven-artifact-3.6.0.jar"
              }
            },
            {
              "id": "net.jodah:typetools:0.8.3",
              "name": "Minecraft Forge (typetools)",
              "type": "Library",
              "artifact": {
                "size": 15425,
                "MD5": "ee4596e1413cc1a5e080c971d6064753",
                "url": "http://localhost:8080/repo/lib/net/jodah/typetools/0.8.3/typetools-0.8.3.jar"
              }
            },
            {
              "id": "org.apache.logging.log4j:log4j-api:2.11.2",
              "name": "Minecraft Forge (log4j-api)",
              "type": "Library",
              "artifact": {
                "size": 266283,
                "MD5": "3f7ee51e3dd0830de799dae0b90243dd",
                "url": "http://localhost:8080/repo/lib/org/apache/logging/log4j/log4j-api/2.11.2/log4j-api-2.11.2.jar"
              }
            },
            {
              "id": "org.apache.logging.log4j:log4j-core:2.11.2",
              "name": "Minecraft Forge (log4j-core)",
              "type": "Library",
              "artifact": {
                "size": 1629585,
                "MD5": "c8bd8b5c5aaaa07a3dcbf57de01c9266",
                "url": "http://localhost:8080/repo/lib/org/apache/logging/log4j/log4j-core/2.11.2/log4j-core-2.11.2.jar"
              }
            },
            {
              "id": "net.minecrell:terminalconsoleappender:1.2.0",
              "name": "Minecraft Forge (terminalconsoleappender)",
              "type": "Library",
              "artifact": {
                "size": 15977,
                "MD5": "679363fa893293791e55a21f81342f87",
                "url": "http://localhost:8080/repo/lib/net/minecrell/terminalconsoleappender/1.2.0/terminalconsoleappender-1.2.0.jar"
              }
            },
            {
              "id": "net.sf.jopt-simple:jopt-simple:5.0.4",
              "name": "Minecraft Forge (jopt-simple)",
              "type": "Library",
              "artifact": {
                "size": 78146,
                "MD5": "eb0d9dffe9b0eddead68fe678be76c49",
                "url": "http://localhost:8080/repo/lib/net/sf/jopt-simple/jopt-simple/5.0.4/jopt-simple-5.0.4.jar"
              }
            },
            {
              "id": "org.spongepowered:mixin:0.8.2",
              "name": "Minecraft Forge (mixin)",
              "type": "Library",
              "artifact": {
                "size": 935252,
                "MD5": "1f0c4faa50360623e49b9c2522edc602",
                "url": "http://localhost:8080/repo/lib/org/spongepowered/mixin/0.8.2/mixin-0.8.2.jar"
              }
            }
          ]
        }
      ]
    }
  ]
}